<?xml version="1.0" encoding="UTF-8"?>
<beans xmlns="http://www.springframework.org/schema/beans"
       xmlns:mvc="http://www.springframework.org/schema/mvc"
       xmlns:context="http://www.springframework.org/schema/context"
       xmlns:xsi="http://www.w3.org/2001/XMLSchema-instance"
       xsi:schemaLocation="
        http://www.springframework.org/schema/beans
        http://www.springframework.org/schema/beans/spring-beans.xsd
        http://www.springframework.org/schema/mvc
        http://www.springframework.org/schema/mvc/spring-mvc.xsd
        http://www.springframework.org/schema/context
        http://www.springframework.org/schema/context/spring-context.xsd">

    <!--    开启注解扫描,只扫描controller-->
    <context:component-scan base-package="lin">
        <context:include-filter type="annotation" expression="org.springframework.stereotype.Controller"/>
    </context:component-scan>
    <!--配置视图解析器对象-->
    <bean id="internalResourceViewResolver"
          class="org.springframework.web.servlet.view.InternalResourceViewResolver">
        <property name="prefix" value="/WEB-INF/pages/"/>
        <property name="suffix" value=".jsp"/>
    </bean>

    <!--    配置文件解析器-->
    <bean class="org.springframework.web.multipart.commons.CommonsMultipartResolver" id="multipartResolver"></bean>

    <!--    开启spring框架的注解支持-->
    <mvc:annotation-driven />
    <!--    过滤静态资源-->
    <mvc:resources mapping="/js/**" location="/js/"></mvc:resources>
    <mvc:resources mapping="/css/**" location="/css/"></mvc:resources>
    <mvc:resources mapping="/img/**" location="/img/"></mvc:resources>
    <mvc:resources mapping="/upload/**" location="upload/"></mvc:resources>

    <mvc:interceptors>
        <mvc:interceptor>
            <mvc:mapping path="/**"/>
            <bean class="lin.interceptor.UserInterceptor" ></bean>
        </mvc:interceptor>
    </mvc:interceptors>
</beans>